<?xml version="1.0" encoding="UTF-8"?>
<beans xmlns="http://www.springframework.org/schema/beans"
	xmlns:xsi="http://www.w3.org/2001/XMLSchema-instance" xmlns:context="http://www.springframework.org/schema/context"
	xsi:schemaLocation="
http://www.springframework.org/schema/beans http://www.springframework.org/schema/beans/spring-beans-2.5.xsd
http://www.springframework.org/schema/context http://www.springframework.org/schema/context/spring-context-2.5.xsd">

	<bean id="jedisFactory" class="com.ptdam.mobile.redis.JedisFactory">
		<property name="host" value="${redis.config.host}" />
		<property name="port" value="${redis.config.port}" />
		<property name="connectionTimeout" value="${redis.config.connection.timeout}" />
		<property name="poolSize" value="${redis.config.pool.size}" />
		<property name="schemaUsed" value="${redis.config.schema.used}" />
		<property name="password" value="${redis.config.password}" />
	</bean>
</beans>	